{
  "response": [
    {
      "id": 1,
      "title": "Test 1",
      "slug": "test-1",
      "content": "<p>Test 1 - Content</p>",
      "author": "Codejobs",
      "day": "16",
      "month": "06",
      "year": "2017",
      "language": "es",
      "state": "Active"
    },
    {
      "id": 2,
      "title": "Test 2",
      "slug": "test-2",
      "content": "<p>Test 2 - Content</p>",
      "author": "Codejobs",
      "day": "16",
      "month": "06",
      "year": "2017",
      "language": "es",
      "state": "Active"
    },
    {
      "id": 3,
      "title": "Test 3",
      "slug": "test-3",
      "content": "<p>Test 3 - Content</p>",
      "author": "Codejobs",
      "day": "16",
      "month": "06",
      "year": "2017",
      "language": "es",
      "state": "Active"
    },
    {
      "id": 4,
      "title": "Test 4",
      "slug": "test-4",
      "content": "<p>Test 4 - Content</p>",
      "author": "Codejobs",
      "day": "16",
      "month": "06",
      "year": "2017",
      "language": "es",
      "state": "Active"
    },
    {
      "id": 5,
      "title": "Test 5",
      "slug": "test-5",
      "content": "<p>Test 5 - Content</p>",
      "author": "Codejobs",
      "day": "16",
      "month": "06",
      "year": "2017",
      "language": "es",
      "state": "Active"
    }
  ]
}